movie_title,rating,genre,directors,writers,cast,in_theaters_date,on_streaming_date,runtime_in_minutes,studio_name,tomatometer_status,tomatometer_rating,tomatometer_count,audience_rating,audience_count
Dangerous Game,R,Drama,Abel Ferrara,"Abel Ferrara, Nicholas St. John","Harvey Keitel, Madonna, James Russo, Nancy Ferrara, Reilly Murphy, Victor Argo, Leonard Thomas, Christina Fulton, Heather Bracken, Glenn Plummer, Lori Eastside, John Snyder, Adina Winston, Dylan Hundley, Julie Pop, Anthony Redman, Randall Sabusawa, Randy Sabusawa, Jesse Long, Bill Pope, Richard Belzer, Martin Schaer, Annie McEnroe, Sammy Jack Pressman, Hiram Ortiz, Niki Munroe, Juliette Hohnen, Lili Barsha, Robyn B. Ashley, Noga Isackson, Mindy Eshelman, Linda Murphy, Marta Bukowski, Jim Fitzgerald, Steven Albert",1993-01-01,2005-07-26,107,MGM Home Entertainment,Rotten,31,16,44,2560
4:44 Last Day on Earth,R,"Drama, Science Fiction & Fantasy",Abel Ferrara,Abel Ferrara,"Willem Dafoe, Shanyn Leigh, Natasha Lyonne, Paul Hipp, Dierdra McDowell, Triana Jackson, Trung Nguyen, Anita Pallenberg, Jose Solano, Judith Salazar, Jimmy Valentino, Paz de la Huerta, Pat Kiernan",2012-03-23,2012-07-17,85,IFC Films,Rotten,47,30,19,1716
Bad Lieutenant,R,"Drama, Mystery & Suspense",Abel Ferrara,"Victor Argo, Paul Calderon, Abel Ferrara, Zoë Lund","Harvey Keitel, Frankie Thorn, Zoë Lund, Anthony Ruggiero, Victor Argo, Paul Calderon, Leonard Thomas, Robin Burrows, Victoria Bastel, Paul Hipp, Brian McElroy, Frankie Acciario, Peggy Gormley, Stella Keitel, John Steven Jones, Vincent Laresca, G. Elvis Phillips, Shawn McLean, Stephen Chen, Frank Acciarto, Fernando Vélez, Joseph Michael Cruz, Frank Adonis, Lambert Moss, Nicholas Decegli, Larry Mullane, Bo Dietl, Nicholas de Cegli, Gene Canfield, Heather Bracken, John Clohessy, Eddie Daniels, Bob Murphy, Bianca Bakiia, Penelope Allen, Ed Kovens, Jamie Sanchez, Minnie Gentry, Mike Fella, Mike Ciravolo, Iraida Polanco, John Cloghessy, Chris 'Mad Dog' Russo, Warner Fusselle, Zoe Tamerlis, Jaime Sánchez, Paul Calderone",1992-11-20,2000-02-15,90,Aries Films,Certified Fresh,77,47,73,16120
Body Snatchers,R,"Horror, Mystery & Suspense, Science Fiction & Fantasy",Abel Ferrara,"Stuart Gordon, Larry Cohen, Nicholas St. John, Dennis Paoli","Gabrielle Anwar, Terry Kinney, Billy Wirth, Meg Tilly, Forest Whitaker, Christine Elise, R. Lee Ermey, Reilly Murphy, Kathleen Doyle, G. Elvis Phillips, Ferne Cassel, Stanley Small, Tonea Stewart, Keith Smith, Winston E. Grant, Phil Neilson, Michael Cohen (II), Timothy P. Brown, Jennifer Tilly, Thurman L. Combs, Allen Perada, Rick Kangrga, Sylvia Small, Adrian Unveragh, Johnny L. Smith, Candy Orsini, Marty Lyons, Kimberly L. Cole, James P. Monoghan, Craig Lockhart, Darien Taylor",1993-01-01,2001-08-21,87,Warner Home Video,Fresh,71,28,38,13790
Cat Chaser,R,"Action & Adventure, Mystery & Suspense",Abel Ferrara,"Alan Sharp, Elmore Leonard, James Borrelli","Peter Weller, Kelly McGillis, Charles Durning, Frederic Forrest, Tomás Milian, Juan Fernández, Kelly Jo Minter, Phil Leeds, Tony Bolano, Adrianne Sachs, Robert Escobar, Maria M. Ruperto, Diane Dimeo, Vivian Addison, Victor Rivers, Teresa M. Rojas, Brooke Becker, Fara Schiller, Guido Inguanzo, Pedro Telémaco, Carlos Ruiz, Rosita Sustache, Teresa Rojas, Michael Weller, Bilal H. El-Amin, Alexis Arguello, Pedro J. Pelaez, Joseph Paris, Mary-Robin Redd, Anthony Correa",1989-04-01,2003-11-18,97,Davis Panzer,Rotten,40,5,16,683
Chelsea on the Rocks,R,"Documentary, Special Interest",Abel Ferrara,"David Linter, Abel Ferrara, Christ Zois","Sherry Cosovic, Dennis Hopper, Gaby Hoffmann, Vito Acconci, Jamie Burke, Ethan Hawke, William S. Burroughs, Grace Jones, Ira Cohen, The Grateful Dead, Quentin Crisp, Walter Cronkite, Robert Crumb, Giancarlo Esposito, Bijou Phillips, Andy Warhol, Abel Ferrara, Sid Vicious, Milos Forman, Nancy Spungen, Jerry Garcia, Janis Joplin, Shanyn Leigh, Christy Scott Cashman, R. Crumb",2009-10-16,2010-11-09,84,Aliquot Films,Fresh,71,28,44,792
Fear City,R,"Action & Adventure, Drama, Mystery & Suspense",Abel Ferrara,Nicholas St. John,"Tom Berenger, Billy Dee Williams, Jack Scalia, Melanie Griffith, Rossano Brazzi, Rae Dawn Chong, Michael V. Gazzo, Joe Santos, Jan Murray, Ola Ray, Janet Julian, Pat Banta, Daniel Faraldo, Sidney Filson, Linda Lee, Maria Conchita Alonso, Nina Jones, John Foster, Daryle Ann Lindley, Emilia Lesniak, Frank Roznio, Juan Fernández, Jim Boeke, Vinny Argiro, Emilia Crow, Carl Strano, Ben Kronen, Madison Mason, Frank Ronzio, Bill Henderson, Victor Rivers, Joe Palese, Joe Shea, Bob Yothers, John Roselius, Tracy Griffith, Lori Eastside, Barbara Andrews, Michael Joy, Peter Mele, Robert Miano, Brent Jennings, William Kennedy, Peter Gumeny, Justin Derosa, Kendall Carly Browne, Michael Vincente Gazzo, Frank Sivero",1984-01-01,2000-11-28,96,HBO Video,Fresh,67,9,32,1620
King of New York,R,"Action & Adventure, Drama",Abel Ferrara,Nicholas St. John,"Christopher Walken, David Caruso, Laurence Fishburne, Victor Argo, Wesley Snipes, Janet Julian, Joey Chin, Giancarlo Esposito, Paul Calderon, Steve Buscemi, Theresa Randle, Leonard Lee Thomas, Leonard Thomas, Roger Guenveur Smith, Carrie Nygren, Freddie Jackson, Sari Chang, Ariane Koizumi, Vanessa Angel, Phoebe Legere (II), Pete Hamill, Gerard Murphy, Randall Sabusawa, Ernest Abuba, Frank Adonis, Erica Gimpel, Frank Gio, Jack Goode Jr., Michael Guess, Nancy Hunter, Robert LaSardo, Gary Landon Mills, Harold Perrineau, Peter Richardson, Wendell Sweda",1990-09-28,2000-08-15,106,Live Home Video,Fresh,71,24,77,21142
Ms. 45,R,"Action & Adventure, Cult Movies, Drama, Mystery & Suspense",Abel Ferrara,Nicholas St. John,"Zoe Tamerlis, Zoe Tamarlis, Steve Singer, Jack Thibeau, Peter Yellen, Helen McGara, Zoë Lund, Nike Zachmonoglou, Darlene Stuto, Editta Sherman, Albert Sinkys, Abel Ferrara, Vincent Gruppi, Bogey Mauser, S. Edward Singer, Stanley Timms, Faith Peters, Lawrence Zavaglia, Alex Jachino, Jane Kennedy, Wayne Caro, Mariana Tripaldi, Scott Covert, Karen O'Shea, The Kog, Cindy Green, Nancy Ulrich, Eddie Sanchez, Larry Chua, Omar Patino, Robert Allen, Daniel Goodine, Michael R. Chin, Gerri Igarashi, Edward Eisele, Evelyne Smith, Patrick Loughran, Eileen Trotta, Bobby Weismann, Alvin Moore, Nicholas St. John, Steve Daskaiwisz, Paul Varni, John Scarangella, Aris Sakellariois, Ben Falk, Michael Minaro, Robert North, Robert L. Fish, Harry Maurer, Beth Ann Lonergan",2013-12-13,2000-04-25,84,Rochelle Films,Fresh,88,32,72,4507
R Xmas,R,"Action & Adventure, Drama, Mystery & Suspense",Abel Ferrara,Abel Ferrara,"Drea de Matteo, Lillo Brancato Jr., Ice-T, Victor Argo, Naomi Morales, Lisa Valens, Frank Cuervo, Nelson Vasquez, Denia Brache, Gloria Irizarry, Andrew Fiscella, Thomas Murray, Edwin Martinez, Janis Corsair, Anne Ackerman, John R. Tramatola III, Meredith Ostrom, Dan Sweeney, Andrew Lasky, Bersalde Vega, James R. Bliz, Raymond Ultarte, Luis Santos, Begonia Plaza, Orran Farmer, Jamal Redrum Simmons, Oscar S. Tevez, Rosa Nino, Clarence Dorsey, Tito Román Rivera, Javier Núñez, Jay ""Mad Dog"" Michaels, Anthony Ortiz, Benny Nieves, Victor Pagan, Yolanda Nieto, Louise G. Colón, Petra Quinones, Pepe Castillo, Antoine Pagan, Oro Solido, Raul Acosta, Anthony Rodriquez, Jarol Ceralios, Juan de la Cruz, Jesus Martinez Jr., Felix Taveras, Amilcar Torres, Idelfonso Gutierrez, Fabio Lovera, Ramel De La Cruz, Jose 'Pepe' Castillo",2001-10-05,2002-11-19,83,Pathfinder Pictures,Fresh,65,26,43,354
Welcome To New York,R,Drama,Abel Ferrara,"Christ Zois, Abel Ferrara","Gérard Depardieu, Jacqueline Bisset, Drena De Niro, Paul Calderon, Amy Ferguson, Paul Hipp, Ronald Guttman, Shanyn Leigh, Maria Conte Di Angelis, Natasha Romanova, Aurelie Claudel, Anh Duong, Pascal Yen-Pfister, Anna Lakomy, Jose Ramon Rosario, Brett Smith, Marie Moute, Joe Lawless, Nneoma Nkuku",2015-03-27,2015-08-25,125,IFC Films,Certified Fresh,76,54,41,772
Step Brothers,R,Comedy,Adam McKay,"Adam McKay, Will Ferrell","Will Ferrell, John C. Reilly, Mary Steenburgen, Richard Jenkins, Adam Scott, Kathryn Hahn, Elizabeth Yozamp, Andrea Savage, Lurie Poston, Logan Manus, Travis Flory, Lili McKay, Shira Piven, Seth Morris, Wayne Federman, Maria Quiban, Danielle Schneider, Gillian Vigman, Brian Huskey, Seth Rogen, Brian Henchy, Chris Henchy, Mary Catherine Hamelin, Ian Roberts, Erica Vittina Phillips, Phil LaMarr, Rob Riggle, Paula Killen, Ken Jeong, Horatio Sanz, Kyle Felts, Jake Szymanski, Matt Walsh, Dmitri Schuyler-Linch, Bryce Hurless, Brent White",2008-07-25,2008-12-02,98,Columbia Pictures,Rotten,55,204,69,365512
Anchorman - The Legend Of Ron Burgundy,PG-13,Comedy,Adam McKay,"Adam McKay, Will Ferrell","Will Ferrell, Christina Applegate, Paul Rudd, David Koechner, Fred Willard, Chris Parnell, Steve Carell, Stephen Root, Kathryn Hahn, Chris Williams (XII), Fred Armisen, Seth Rogen, Tara Subkoff, Paul F. Tompkins, Danny Trejo, Vince Vaughn, Scot Robinson, Maya Rudolph, Darcy Donovan, Renee Weldon, Jerry Minor, Chuck D., Kevin Corrigan, Holmes Osborne, Charles Walker, Shira Piven, Lili Rose McKay, Justin Long, Thomas E. Mastrolia, Jay Johnston, Peter Hulne, Chad Everett, Laura Kightlinger, Adam McKay, Joseph T. Mastrolia, Judd Apatow, Debra McGuire, Kent Shocknek, Monique McIntyre, Bob Rummler, Chuck Poynter, Esmeralda McQuillan, Angela M. Grillo, Lionel Allen, Trina Johnson, Mary Alice G. Goodin, Jasmine Nicole Jackson, Fred Dresch, Glen Hambly, Stuart Gold, Bill Kurtis, Luke Wilson",2004-07-09,2004-12-28,94,Dreamworks,Fresh,66,201,86,794409
Anchorman 2: The Legend Continues,PG-13,Comedy,Adam McKay,"Will Ferrell, Adam McKay","Will Ferrell, Paul Rudd, Steve Carell, David Koechner, Christina Applegate, Kristen Wiig, Harrison Ford, Meagan Good, Dylan Baker",2013-12-18,2014-04-01,119,Paramount Pictures,Certified Fresh,75,200,52,164684
The Other Guys,PG-13,"Action & Adventure, Comedy",Adam McKay,"Adam McKay, Chris Henchy","Will Ferrell, Mark Wahlberg, Eva Mendes, Michael Keaton, Dwayne Johnson, Samuel L. Jackson, Steve Coogan, Ray Stevenson, Lindsay Sloane, Natalie Zea, Rob Riggle, Damon Wayans Jr., Bobby Cannavale, Zoe Lister-Jones, Adam McKay, Viola Harris, Brooke Shields, Anne Heche, Rosie Perez, Derek Jeter, David Gideon, Michael Delaney, Zach Woods, Michael G. Delaney, Andy Buckley (II), Rob Huebel, Brett Gelman, Danielle Cell, Brianne Moncrief, Joshua Church, Oliver Wood, Ben Schwartz, Jake Quinn, Patrick Ferrell, Will Lyman, Larnell Stovall, Jalil Jay Lynch, Roy T. Anderson, Andrew Secunda, Sara Chase, Josh Church, Ice-T, Alison Becker, Warren Kelley, Damon Wayans, Sean Heilig, Matthew J. McCarthy, Will Lyman, Adam Phillips, Tess Kartel, Rob Mars, C.C. Taylor, Elizabeth Kaledin, Peter R. Thewes, Robin Ng, Malachy McCourt, Barry Carl, Benjamin Magnuson, Thomas McDonnell III, Jimmy O'Donnell, Kevin Osborne, Pierce Turner, James Archie Worley, Shakiem Evans, James Mazzola, Patrick Crowley, Tara Copeland, Eamon Speer, Patrick Reale, Zak Orth, Pete Antico, Jamie Dugal, Chris Gethard, Michael Fawcett, Pilar Angelique, Leroy Wilson, Jr.",2010-08-06,2010-12-14,107,Columbia Pictures,Certified Fresh,78,203,60,160419
Talladega Nights: The Ballad of Ricky Bobby,PG-13,"Action & Adventure, Comedy, Sports & Fitness",Adam McKay,"Will Ferrell, Adam McKay","Will Ferrell, John C. Reilly, Sacha Baron Cohen, Gary Cole, Michael Clarke Duncan, Leslie Bibb, Amy Adams, Jane Lynch, Andy Richter, Molly Shannon, Jack McBrayer, Jake Johnson (IV), Luke Bigham, Austin Crimm, David Koechner, Greg Germann, Pat Hingle, Elvis Costello, Yasiin Bey, Darell Waltrip, Benny Parsons, Wally Dallenbach, Jason A. Davis, Lorrie Bess Crumley, Adam McKay, John D. King, Dale Earnhardt Jr., Dick Berggren, Houston Tumlin, Grayson Russell, Ted Manson, Danny Vinson, Sylvia G. Lyerly, Mike Joy, Larry McReynolds, Jamie McMurray, Dan Cox, Richard Benjamin, Bob Jenkins, Rob Riggle, William Boyer, Ruffin Copeland, Rick Benjamin, Matt Day, Christoph Sanders, Pete Burris, Frank Hoyt Taylor, Conrad Ricamora, Angie Fox, Jim Wise, Rebecca Koon, Bill Weber, Wally Dellenbach, Jack Blessing, Robert R. Lee, Matt Coulter",2006-08-04,2006-12-12,110,Sony Pictures Releasing,Certified Fresh,71,186,73,554366
The Big Short,R,Drama,Adam McKay,"Adam McKay, Charles Randolph","Christian Bale, Steve Carell, Ryan Gosling, Brad Pitt, Karen Gillan, Marisa Tomei, Melissa Leo, Finn Wittrock, Max Greenfield, Billy Magnussen, Rafe Spall, Hamish Linklater, John Magaro, Byron Mann, Al Sapienza, Heighlen Boyd, Sue-Lynn Ansari, Brandon Stacy, Jeremy Strong, Sara Finley, Tracy Letts, Lindsay Musil, Shona Gastian, Ruby Lou Smith, Garrett Hines, Aaron V. Williamson, Adepero Oduye, Wayne Pére, Judd Lormand, Shauna Rappold, Dave Davis, Lara Grice, Vanessa Cloke, Candice Harrison, Aiden Flowers, Michael K. Douglas, Charlie Talbert, Carrie Lazar, Nicole Barré, Billy Slaughter, Emily Bossak, Mark Falvo, Jae Suh Park, Juliet Reeves, Jeff Caperton, Tony Bentley, Hunter Burke, Jay Jablonski, Jaclyn Bethany, Elton LeBlanc, Jeffry Griffin, Nazeema Bartek, Tracy Mann, Paula Shreve, David Kallaway, Erika Vaughn, Tom Buis, Sidney Beitz, Mike R. Moreau, Colin Lawless, Stanley Wong, Holly Ann Perry, Jason Bayle, Andrea Vittoria Alvarado, Kristen Scott, Tom Bui, Rajeev Jacob, Leslie Castay, Marcus Lyle Brown, Lyle Brocato, Anthony Marble, Jack Millard, Tyler Kunkle, Patrick Kearns, Darly Wayne, Jesse Yarborough, Kelly Lind, Ryan Broussard, John Neisler, Daryl Thibodaux, Cynthia LeBlanc, Oscar Gale, David Michael Cefalu, Blaine Kern III, Michelle Torres, Elliott Grey, Peter Epstein, Mark Roman, Christopher Gulas, Michael Rollins, Blaine Kern III, Ronald Joe Vasquez, Jay Potter, Christina Michelle Williams, Paul Campanella, Alicia Davis Johnson, Staci Roberts Steele, Richard R. Corapi, Colette Divine, Candace McAdams, Jamie Gliddon",2015-12-23,2016-03-15,130,Paramount Pictures,Certified Fresh,88,318,87,68695
Vice,R,Drama,Adam McKay,Adam McKay,"Christian Bale, Amy Adams, Steve Carell, Sam Rockwell, Alison Pill, Lily Rabe, Tyler Perry, Justin Kirk, LisaGay Hamilton, Shea Whigham, Eddie Marsan, Jesse Plemons, Adam McKay, Vanessa Cloke, Tiffany Smith, Ronald Reagan, Abigail Marlowe, Bill Camp, Jimmy Carter, Fay Masterson, Bob Stephenson, Casey Sander, Don R. McManus, Jamie Bernadette, Barack Obama, Adam Bartley, Osama Bin Laden, John Hillner, Jillian Armenante, Osama Bin Laden, Scott Christopher, Tara Nicole Hughes, Richard Nixon, Jeff Bosley, Melody Hollis, Harvey B. Jackson, Tim Winters, Pilar Holland, Alex Knight, Brandon Sklenar, Roman Mitichyan, Violet Hicks, Matt Nolan, Brandon Firla, Mark Bramhall, Kevin Symons, Robert L. Hughes, Daniel Bruington, John Burke, Rocky Bonifield, Alina Zilbershmidt, Matt Champagne, Delpaneaux Wills, Nick Drago, Sabina Nogic, Kirk Bovill, Fabiana Rares, Christopher M. Campos, Treisa Gary, Damon O'Daniel, Joe Sabatino, David Fabrizio, William Goldman, Abraham Justice, Amir Malaklou, Edward Fletcher, Paul Perri, Rome Stephens, Stephen Adly Guirgis, Kyle S. More, Dustin Green, Andrea Wright, Vishesh Chachra, Al Wexo, Dayna Brand, Jeff Witzke, Shannon Mosley, Aidan Gail, Trent Walker, Chris Dougherty, Chet Grissom, Scott Subiono, Joey Brooks, Angela Leib, Holly Hawkins, Lucky Harmon, Melissa Schumacher, Omid Zader, Liz Burnette, Joseph Beck, Stewart J. Zully, Matthew Jacobs, Michael DiBacco, Stephen Friedrich, Allie Pratt, Grace Rowe, Todd Brotze, Scott Alan Smith, Calissa Hatfield",2018-12-25,2019-04-02,132,Annapurna Pictures,Fresh,66,341,59,4629
Bedtime Stories,PG,"Action & Adventure, Comedy, Kids & Family, Science Fiction & Fantasy",Adam Shankman,"Matt Lopez, Tim Herlihy","Adam Sandler, Richard Griffiths, Courteney Cox, Guy Pearce, Keri Russell, Russell Brand, Jonathan Pryce, Teresa Palmer, Laura Ann Kesling, Lucy Lawless, Aisha Tyler, Jonathan Morgan Heit, Nick Swardson, Kathryn Joosten, Allen Covert, Carmen Electra, Tim Herlihy, Thomas Hoffman, Abigail Leone Droeger, Melany Mitchell, Andrew Collins, Blake Clark, Bill Romanowski, Paul Dooley, Mikey Post, Adam Shankman",2008-12-25,2009-04-05,95,Walt Disney Pictures,Rotten,26,110,55,216448
Bringing Down the House,PG-13,Comedy,Adam Shankman,Jason Filardi,"Steve Martin, Queen Latifah, Eugene Levy, Joan Plowright, Jean Smart, Kimberly J. Brown, Angus T. Jones, Missi Pyle, Michael Rosenbaum, Betty White, Steve Harris, Jim Haynie, Aengus James, Jernard Burks, Matt Lutz, Bronzell Miller, Randy Oglesby, Jesse Corti, Bernard Smalls, Victor Webster, Teddy Lane Jr., Vincent Ward, Michael Ensign, Tracey Cherelle Jones, Josh Waters, Anne Fletcher, John Prosky, Alonzo Bodden, Seth Howard, Diana Carreno, Tim Stevenson, Eddie Garcia, Sundy Carter, Anne Bellamy, Robin Michelle McClamb, Walter Addison, Gina Morelli, Seth Altschull, Deezer D, Kelly Price, Candace Jackson, Erika Nuri, Faida Amana Brigham, Aminah Abdul-Jillil, Barry Lee Youngblood, Cristian L. Judd, Oscar L. Orosoco, Garland R. Spencer, Montrose Hagins, Laura Grady Peterson",2003-03-07,2003-08-05,105,Touchstone Pictures,Rotten,34,149,49,379148
Cheaper by the Dozen 2,PG,"Comedy, Kids & Family",Adam Shankman,Sam Harper,"Steve Martin, Bonnie Hunt, Eugene Levy, Tom Welling, Hilary Duff, Kevin G. Schmidt, Alyson Stoner, Jacob Smith, Liliana Mumy, Forrest Landis, Blake Woodruff, Brent Kinsman, Shane Kinsman, Morgan York, Jonathan Bennett, Piper Perabo, Carmen Electra, Jaime King, Alexander Conti, Taylor Lautner, Melanie Tonello, Robbie Amell, Courtney Fitzpatrick, Madison Fitzpatrick, Shawn Roberts, William Copeland, Peter Keleghan, Sam Kalilieh, Damon Runyan, Graham Losee, Seth Howard, Matthew Knight, Lee Macdougall, Jennifer Parsons, Jenny Parsons, Dylan Rosenthal, Haylee Wanstall, Ely Henry, Trevor Smith, Tre Smith, Adam Shankman, Shawn Levy, Enid Rose, Kristen Dulmage",2005-12-21,2006-05-23,93,20th Century Fox,Rotten,6,94,57,568248
Hairspray,PG,"Comedy, Musical & Performing Arts",Adam Shankman,"Thomas Meehan, Mark O'Donnell, Leslie Dixon","John Travolta, Michelle Pfeiffer, Queen Latifah, Christopher Walken, James Marsden, Amanda Bynes, Elijah Kelley, Zac Efron, Brittany Snow, Nikki Blonsky, Taylor Parks, Jesse Weafer, Jerry Stiller, Brooke Engen, Tiffany Engen, Allison Janney, Becca Sweitzer, Kelly Fletcher, J.P. Ferreri, Sarah Francis, Tabitha Lupien, Hayley Podschun, Cassie Silva, Shane Simpson, Darren Frost, Ricki Lake, Joe Parro, Nick Loren, Sheldon Smith, Bruce McFee, Christian Hagen, John Andersen, George King, James Kirchner, Brandan Wall, Tanee McCall, John Waters, Paul Dooley, Nadine Ellis",2007-07-20,2007-11-20,117,New Line Cinema,Certified Fresh,91,219,85,763432
The Pacifier,PG,"Action & Adventure, Comedy, Kids & Family",Adam Shankman,Robert Ben Garant,"Vin Diesel, Lauren Graham, Faith Ford, Brittany Snow, Chris Potter, Carol Kane, Brad Garrett, Morgan York, Keegan Hoover, Logan Hoover, Bo Vink, Tsui Mung-Ling, Luke Vink, Scott Thompson, Denis Akiyama, Mung Ling Tsui, Anne Fletcher, Tate Donovan, Wendi Lynn Allison, Alison Lynn, Gabriel Antonacci, Mary Pitt, Dan Sutcliffe, Vanessa Cobham, Jordan Allison, Rachael Dolan, Charlotte Szivak, Toya Alexis, Valerie Boyle, Karla Jang, Silver Kim, Robert Yeretch, Scott Hurst, Christie Allaire, Stephanie Allaire, Amy Allicock, Helena Chow, Joella Crichton, Laura Jeanes, Rebecca Priestley, Taryn Ash, Catherine Burdon, Shane Cardwell, Tommy Chang, David Lipper, Tip Fong, Maria Georgas, Nikki Shah, Jordan Todosey, Emi Yaguchi-Chow, Demetrius Joyette, Christopher Lortie, Sotiri Georgas, Steven Georgas, Gannon Racki, Seth Howard, Marcus Hutchings, David Sparrow, Evelyn Kaye, Miriam Laurence, David Smukler, Christian Laurin, John MacDonald, Billy Oliver, Curtis Parker, Matt Purdy, Jean Pearson, Kyle Schmid, Cade Courtley, Michael Quintero, Cameron Hickox, Cassius Clay, Jeff Podgurski, F. Valentino Morales, Hank Amos, Charlie Haugk, Scott Reiff, Robert Bastens",2005-03-04,2005-06-28,95,Buena Vista,Rotten,20,129,59,388365
Rock of Ages,PG-13,"Drama, Musical & Performing Arts",Adam Shankman,"Chris D'Arienzo, Justin Theroux, Allan Loeb","Julianne Hough, Diego Boneta, Tom Cruise, Russell Brand, Paul Giamatti, Catherine Zeta-Jones, Malin Akerman, Mary J. Blige, Alec Baldwin, Bryan Cranston, Will Forte, Eli Roth, Dakota Sage Grant, Matt Sullivan, Erica Frene, Michael Olusczak, Anthony Bellissimo, Alan Shane Hartline, James Martin Kelly, Celina Beach, Angelo Donato Valderrama, Dan Finnerty, Kevin Nash, Jeff Chase, Chantel Gonsalves, Tyne Stecklein, Hanna-Lee Sakakibara, Jamie Goodwin, Anne Fletcher, Denise Faye, Mariann Nelson, Porcelain Black, C. J. Tywoniak, Maxwell F. Terlecki, Robert Reef, Marcus Johns, Vivi Pineda, Aniela McGuinness, Elvire Emanuelle, David Gene Gibbs, Brev Sullivan, Daniel Wills, Prince Shah, Benjamin Malone, Arielle Reitsma, Anya Garnis, Barry Habib, Constantine Maroulis, Heather Leigh Davis, Josh Randall, Jack Mountford, Elgin Kos Aponte, Veronica Berry, Karelix Alicea, T.J. Miller, Nuno Bettencourt, Joel Hoekstra, Deborah Gibson, Sebastian Bach, Kevin Cronin, Misterwill, Jack Desroches, Choice Gray, Sophie Cook",2012-06-15,2012-10-09,123,New Line Cinema,Rotten,42,227,55,209562
A Walk to Remember,PG,"Drama, Romance",Adam Shankman,Karen Janszen,"Shane West, Mandy Moore, Peter Coyote, Daryl Hannah, Al Thompson, Clayne Crawford, Lauren German, Paz de la Huerta, Jonathan Parks Jordan, Matt Lutz, David Andrews, Charles E. Bailey, Mervyn Warren, David Lee Smith, Marisa Miller, Dean Mumford, Gordon Groddy, Paula Jones, Anne Fletcher, Cassidy Ladden, Alan Butler, Janie Barnett, Elaine Caswell, Vivian Cherry, Robin Clark, Frances E. Davis, Diva Gray, Nikki Gregoroff, Xavier Hernandez, Seth Howard, Arlene Martell Martin, Dino Muccio, Kevin Osborne, Jason Paige, Willie Teacher, Julia Ann West, Eddie Zimmerhoff",2002-01-25,2002-07-09,100,Warner Bros. Pictures,Rotten,27,103,78,31402117
The Wedding Planner,PG-13,"Comedy, Romance",Adam Shankman,"Pamela Falk, Michael Ellis","Jennifer Lopez, Matthew McConaughey, Bridgette Wilson-Sampras, Justin Chambers, Alex Rocco, Kevin Pollak, Kathy Najimy, Joanna Gleason, Charles Kimbrough, Judy Greer, Fred Willard, Lou Myers, Frances Bay, Cortney Shounia, Sally Insul, Philip Pavel, Natalie Jaroszyk, F. William Parker, Caisha Williams, Dan Finnerty, Fabiana Udenio, Bree Turner, Don West, Susan Mosher, Peter Brown, Adam Loeffler, Chelsea Hollingsworth, Bianca Brockl, Nikki Arlyn, Seth Howard, Greg Lauren, Magali Amadei, Phil Chong, Lydell M. Cheshier, Dee Dee Weathers, Harry Danner, Anthony Katala, Betsy Brockhurst, Huntley Ritter, Joan Del Mar, Raphaela Kleiman, Rocco Vienhage",2001-01-26,2001-07-03,104,Columbia Pictures,Rotten,16,104,59,483658
What Men Want,R,Comedy,Adam Shankman,"Tina Gordon Chism, Jas Waters","Taraji P. Henson, Aldis Hodge, Richard Roundtree, Wendi McLendon-Covey, Tracy Morgan, Josh Brener, Tamala Jones, Phoebe Robinson, Max Greenfield, Jason Jones, Brian Bosworth, Chris Witaske, Erykah Badu",2019-02-08,2019-05-07,117,Paramount Pictures,Rotten,44,134,33,1852
The King of Comedy,PG,"Comedy, Drama, Mystery & Suspense",Martin Scorsese,"Paul D. Zimmerman, Paul Zimmerman","Robert De Niro, Jerry Lewis, Sandra Bernhard, Ed Herlihy, Louis Polliman Brown, Whitey Ryan, Doc Lawless, Lou Brown, Marta Heflin, Katherine Wallach, Charlene Kaleina, Diahnne Abbott, Scotty Bloch, Richard Baratz, Catherine Scorsese, Cathy Scorsese, Charles Low, Liza Minnelli, Leslie Levinson, Margo Winkler, Sel Vitella, Tony Boschetti, Loretta Tupper, Shelley Hack, Matt Russo, Thelma Lee, Joe Strummer, Joyce Brothers, George Kapp, Victor Borge, Marvin Scott, Ralph Monaco, June Prud'Homme, Frederick De Cordova, Ellen Foley, Martin Scorsese, Tony Randall, Tony Devon, Edgar J. Scherick, Thomas M. Tolan, Peter Fain, Ray Dittrich, Richard Dioguardi, Jay Julien, Harry Ufland, Scotty Block, Jeff David, Bill Minkin, Mick Jones, Diane Rachell, Jimmy Raitt, Charles Scorsese, Kim Chan, Mardik Martin",1983-01-01,2002-12-17,109,Fox,Certified Fresh,88,58,90,26880
GoodFellas,R,Drama,Martin Scorsese,"Nicholas Pileggi, Martin Scorsese","Ray Liotta, Robert De Niro, Joe Pesci, Lorraine Bracco, Paul Sorvino, Frank Sivero, Tony Darrow, Mike Starr, Frank Vincent, Charles Scorsese, Chuck Low, Frank DiLeo, Gina Mastrogiacomo, Debi Mazar, Margo Winkler, Welker White, Jerry Vale, Catherine Scorsese, Julie Garfield, Henny Youngman, Christopher Serrone, Suzanne Shepherd, Frank Di Leo, Spencer Bradley, Elaine Kagan, Sheila Howard, Beau Starr, Kevin Corrigan, Michael Imperioli, Robbie Vinton, Johnny Williams, Daniel P. Conte, Michael Citriniti, Tony Conforti, Frank Pellegrino, Victor Colicchio, Ronald Maccone, Tony Sirico, Joseph D'Onofrio, Frank Adonis, Joseph Bono, Katherine Wallach, Mark Evan Jacobs, John Manca, Angela Pietropinto, John Di Benedetto, Marianne Leone, Richard ""Bo"" Dietl, Marie Michaels, Richard Dioguardi, Lo Nardo, Lou Eppolito, Melissa Prophet, Illeana Douglas, Susan Varon, Paula Gallo, Vincent Gallo, Elizabeth Whitcraft, Clem Caserta, Samuel L. Jackson, Fran McGee, Paul Herman, Edward McDonald, Dallas Edward Hayes, Joel Calendrillo, Anthony E. Valentin, Peter Hock, Erasmus C. Alfano, Mark Jacobs, John DiBenedetto, Manny Alfaro, Thomas Lowry, Nadine Kay, Margaret Smith, Richard Mullally, Frank Albanese, Paul McIssac, Tony Lip, Bob Golub, Louis Eppolito, Gaetano LoGiudice, Mikey Black, Peter Cicale, Anthony Powers, Vincent Pastore, Paul Mougey, Gina Mattia, Norman Barbera, Anthony Polemeni, Irving Welzer, Jesse Kirtzman, Bob Altman, Joanna Bennett, Gayle Lewis, Gaetano Lisi, Luke Walter, Ed Deacy, Larry Silvestri, Johnny ""Cha-Cha"" Ciarcia, Vito Picone, Janis Corsair, Frank Aquilino, Lisa DaPolito, Michael Calandrino, Vito Antuofermo, Nicole Burdette, Stella Kietel, Dominque DeVito, Michaelangelo Graziano, Tony Ellis, Peter Onorati, Stella Keitel, Jamie DeRoy, Joel Blake, H. Clay Dear, Daniela Barbosa, Thomas Hewson, Gene Canfield, Margaux Guerard, Violet Gaynor, Tobin Bell, Berlinda Tolbert, Nancy Ellen Cassaro, Adam Wandt, Joseph P. Gioco, Isiah Whitlock Jr., Alyson Jones, Ruby Gaynor, Bo Dietl, Vito Balsamo, James Quattrochi, Peter Fain, Russell Halley, Anthony Alessandro, Thomas E. Camuti, Garry Blackwood, Philip Suriano, Andrew Scudiero, Steve Forleo, Mike Contessa",1990-09-19,1997-03-26,146,Warner Bros.,Certified Fresh,96,95,97,428871
After Hours,R,"Comedy, Mystery & Suspense",Martin Scorsese,Joseph Minion,"Griffin Dunne, Rosanna Arquette, Verna Bloom, Linda Fiorentino, Tommy Chong, Teri Garr, John Heard, Cheech Marin, Catherine O'Hara, Dick Miller, Will Patton, Robert Plunket, Bronson Pinchot, Rocco Sisto, Larry Block, Mary Colquhoun, Victor Argo, Murray Moston, John Codiglia, Clarence Felder, Henry Baker, Margo Winkler, Clarke Evans, Vic Magnotta, Victor Bumbalo, Robin Johnson, Stephen J. Lim, Bill Elverman, Frank Aquilino, Joel Jason, Rand Carr, Maree Catalano, Paula Raflo, Rockets Redglare, Martin Scorsese, Charles Scorsese",1985-09-13,2004-08-17,96,Warner Bros. Pictures,Certified Fresh,88,52,87,22076
Cape Fear,R,"Drama, Mystery & Suspense",Martin Scorsese,Wesley Strick,"Robert De Niro, Nick Nolte, Jessica Lange, Juliette Lewis, Joe Don Baker, Robert Mitchum, Gregory Peck, Martin Balsam, Illeana Douglas, Fred Dalton Thompson, Zully Montero, Craig Henne, Ellen Lewis, Forest Burton, Edgar Allan Poe IV, Rod Ball, W. Paul Bodie, Joel Kolker, Antoni Corone, Tamara Jones, Roger Pretto, Parris Buckner, Margot Moreland, Will Knickerbocker, Robert L. Gerlach, Bruce E. Holdstein, Richard Wasserman, Paul Nagle Jr., Paul Froehler, Mary Ellen O'Brien, Jody Wilson, Jodie Wilson, Kate Colburn, Domenica Cameron-Scorsese, Garr Stevens, Billy Lucas, Ken Collins, Linda Perri, Elizabeth Moyer, Catherine Scorsese, Charles Scorsese, Chad Dowdell, Jackie Davis",1991-11-13,2001-09-18,128,MCA/Universal Pictures,Certified Fresh,75,48,77,68628
Casino,R,Drama,Martin Scorsese,"Martin Scorsese, Nicholas Pileggi","Robert De Niro, Sharon Stone, Joe Pesci, James Woods, Don Rickles, Alan King, Kevin Pollak, L.Q. Jones, Dick Smothers, Frank Vincent, John Bloom, Pasquale Cajano, Melissa Prophet, Bill Allison, Vinny Vella Sr., Oscar Goodman, Phillip Suriano, Erika Von Tagen, Frankie Avalon, Philip Suriano, Steve Allen, Jayne Meadows, Jerry Vale, Audrey Meadows, Joseph Rigano, Gene Ruffini, Dominick Grieco, Richard Amalfitano, Richard F. Strafella, Casper Molee, David Leavitt, Peter Conti, Steve Vignari, Rick Crachy, Larry E. Nadler, Paul Herman, Salvatore Petrillo, Joey de Pinto, Heidi Keller, Millicent Sheridan, Nobu Matsuhisa, Toru Nagai, Barbara Spanjers, Dom Angelo, Dean Casper, Joe Molinaro, Bret McCormick, Ali Pirouzkar, Frankie Jay Allison, Clem Caserta, Jed Mills, Jeff Scott Anderson, Cameron Milzer, Jennifer M. Abbott, Frank Washko Jr., Richard Riehle, Christian A. Azzinaro, Linda Perri, Eric Randall, Robert C. Tetzlaff, Anthony Russell, Brian Reddy, Roy Conrad, Carol Wilson, Andy Jarrell, Joe Lacoco, John Manca, Tyde Kierney, Ronald Maccone, Sasha Semenoff, Mitch Kolpan, Buck Stephens, Sly Smith, Joseph Reidy, Joe La Due, Richard Wagner, Carl Ciarfalio, Fred Smith, Jack Orend, Sonny D'Angelo, Greg Anderson, David Varriale, Stuart Nisbet, Tommy DeVito, Frank Adonis, Joseph Bono, Craig Vincent, Daniel P. Conte, Paul Dottore, Richard T. Smith, David Rose, Jonathan Kraft",1995-11-22,1998-02-24,182,Universal Pictures,Certified Fresh,80,64,93,284881
No Direction Home: Bob Dylan,NR,"Documentary, Musical & Performing Arts",Martin Scorsese,,"Bob Dylan, Paul Nelson",2005-07-21,2005-09-20,209,Paramount Pictures,Fresh,88,17,95,9581
Shutter Island,R,"Action & Adventure, Drama, Mystery & Suspense",Martin Scorsese,"Laeta Kalogridis, Dennis Lehane","Leonardo DiCaprio, Mark Ruffalo, Ben Kingsley, Michelle Williams, Max von Sydow, Patricia Clarkson, Emily Mortimer, Jackie Earle Haley, Ted Levine, John Carroll Lynch, Elias Koteas, Robin Bartlett",2010-02-19,2010-06-08,138,Paramount Studios,Fresh,68,253,76,2373625
The Age of Innocence,PG,"Drama, Romance",Martin Scorsese,"Martin Scorsese, Jay Cocks","Daniel Day-Lewis, Michelle Pfeiffer, Winona Ryder, Richard E. Grant, Alec McCowen, Geraldine Chaplin, Mary Beth Hurt, Stuart Wilson, Miriam Margolyes, Sian Phillips, Alexis Smith, Michael Gough, Jonathan Pryce, Robert Sean Leonard, Carolyn Farina, Tracey Ellis, Norman Lloyd, Domenica Cameron-Scorsese, Linda Faye Farkas, Michael Rees Davis, Terry L. Cook, Jon Garrison, Howard Erskine, John McLoughlin, Christopher Nilsson, Kevin Sanders, Zoé, W.B. Brydon, Cristina Pronzati, Clement Fowler, Cindy Katz, June Squibb, Mac Orange, Brian Davies, Claire Bloom, Thomas Gibson, Thomas Barbour, Henry Fehren, Patricia Dunnock, Martin Scorsese, Catherine Scorsese, Charles Scorsese, Joanne Woodward",1993-10-01,2001-11-06,138,Columbia Pictures,Certified Fresh,83,54,75,23859
Alice Doesn't Live Here Anymore,PG,"Classics, Drama",Martin Scorsese,Robert Getchell,"Ellen Burstyn, Alfred Lutter, Kris Kristofferson, Diane Ladd, Billy Green Bush, Harvey Keitel, Larry Cohen, Vic Tayback, Jodie Foster, Henry Max Kendrick, Mardik Martin, Valerie Curtin, Martin Scorsese, Lelia Goldoni, Lane Bradbury, Ola Moore, Martin Brinton, Murray Moston, Dean Casper, Harry Northrup, Mia Bendixsen, Laura Dern",,2004-08-17,113,Warner Home Video,Fresh,87,30,82,9807
The Aviator,PG-13,Drama,Martin Scorsese,John Logan,"Leonardo DiCaprio, Cate Blanchett, Kate Beckinsale, John C. Reilly, Alec Baldwin, Ian Holm, Alan Alda, Danny Huston, Gwen Stefani, Jude Law, Adam Scott, Matt Ross, Kelli Garner, Frances Conroy, Brent Spiner, Stanley DeSantis, Edward Herrmann, Willem Dafoe, Amy Sloan, Kenneth Welsh, Nellie Sciutto, J.C. MacKenzie, Vincent Laresca, Justin Shilton, Chris Ufland, Josie Maran, Rufus Wainwright, Sam Hennings",2004-12-17,2005-05-24,170,Miramax,Certified Fresh,86,222,79,207396
Boxcar Bertha,R,"Action & Adventure, Classics, Drama, Mystery & Suspense",Martin Scorsese,"Joyce Corrington, John William Corrington, Joyce Hooper Corrington","Barbara Hershey, David Carradine, Barry Primus, Bernie Casey, John Carradine, Grahame Pratt, Harry Northrup, Ann Morell, Marianne Dole, Joe Reynolds, ""Chicken"" Holleman, David R. Osterhout, Victor Argo, Gayne Rescher, Martin Scorsese",1972-06-14,2002-03-19,88,MGM Home Entertainment,Rotten,50,22,33,5437
Bringing Out the Dead,R,"Drama, Mystery & Suspense",Martin Scorsese,Paul Schrader,"Nicolas Cage, Patricia Arquette, John Goodman, Ving Rhames, Marc Anthony, Tom Sizemore, Mary Beth Hurt, Cliff Curtis, Nestor Serrano, Aida Turturro, Sonja Sohn, Cynthia Roman, Afemo Omilami, Cullen Oliver Johnson, Cullen O. Johnson, Arthur J. Nascarella, Julyana Soelistyo, Graciela Lecube, Marylouise Burke, Phyllis Somerville, Mary Diveny, Martin Scorsese, Tom Riis Farrell, Larry Fessenden, John Hefferman, Harper James Simon, Charis Michelson, Joseph Monroe Webb, Lia Yang, Rosemary Gomez, Luis Rodríguez, Richard Spore, Aleks Shaklin, Leonid Citer, Jesus A. Del Rosario Jr., Bernie Friedman, Theo Kogan, Fuschia Walker, Matthew Maher, Bronson Dudley, Marilyn McDonald, Ed Jupp Jr., J. Stanford Hoffman, Rita Norona Schrager, Don Berry, Mtume Gant, Michael A. Noto, Omar Sharif Scroggins, Michael Kenneth Williams, Andrew Davoli, Charlene Hunter, Jesse Malin, Jon Abrahams, Antone Pagan, Melissa Marsala, Betty Miller, Sylva Kelegian, Frank Ciornei, Catrina Ganey, Jennifer Lane Newman, John Bal, Raymond Cassar, Tom Cappadona, Jack A. O'Connell, Randy Foster, James Hanlon, Chris Edwards, Mark Girodano, Michael Mulheren, David Zayas, Terry Serpico, Brian Smyj, Floyd Resnick, Megan Leigh, David Vasquez, Judy Reyes, Joseph Reidy, Queen Latifah",1999-10-22,2000-05-09,118,Paramount Pictures,Certified Fresh,72,106,70,38748
The Color of Money,R,"Drama, Sports & Fitness",Martin Scorsese,"Richard Price, Martin Scorsese","Paul Newman, Tom Cruise, Mary Elizabeth Mastrantonio, Helen Shaver, John Turturro, Bill Cobbs, Forest Whitaker, Robert Agins, Keith McCready, Carol Messing, Steve Mizerak, Bruce A. Young, Randall Arney, Lisa Dodson, Vito D'Ambrosio, Zoé, Ron Dean, Alvin Anastasia, Donald A. Feeney, Andy Nolfo, Elizabeth Bracco, Paul Geier, Carey Goldenberg, Lawrence Linn, Rick Mohr, Rodrick Selby, Joe Guastaferro, Paul Herman, Mark Jarvis, Jim Mataya, Grady Mathews, Lloyd Moss, Michael Nash, Jimmy Mataya, Mario Nieves, Miguel A. Nino, Juan Ramírez, Jerry Piller, Miguel Nino, Iggy Pop, Richard Price, Ernest Perry Jr., Charles Scorsese, Fred Squillo, Christina Sigel, Harold L. Simonsen, Peter Saxe, Brian Sunina, Jim Widlowski, Wandachristine",1986-10-08,2001-03-06,119,Touchstone Pictures,Certified Fresh,89,47,73,46023
The Departed,R,"Action & Adventure, Drama, Mystery & Suspense",Martin Scorsese,"William Monahan, Martin Scorsese","Leonardo DiCaprio, Matt Damon, Jack Nicholson, Mark Wahlberg, Martin Sheen, Ray Winstone, Vera Farmiga, Alec Baldwin, Anthony Anderson, Kevin Corrigan, James Badge Dale, David O'Hara, Mark Rolston, Gerard McSorley, Robert Wahlberg, Kristen Dalton, J.C. MacKenzie, Mary Klug, Saurman Holzemer Peg, Robert 'Toshi' Kar Yuen Chan, Gurdeep Singh, Armen Garo, John Cenatiempo, Joseph Riccobene, Billy Smith, Lyman Chen, Kevin P. McCarthy, Chris Fischer, Brian Smyj, William Severs, Larry Mitchell, Anthony Estrella, Andrew Breving, Tracey Paleo, Douglas Crosby, Conor Donovan, Amanda Lynch, Sallie Toussaint, Patrick Coppola, Mick O'Rourke, Deborah Carlson, Nellie Sciutto, Peter Welch II, Henry Yuk, Joseph Reidy, Tom Kemp, Zachary Pauliks, Paula Demers, Buddy Dolan, Thomas B. Duffy, Paris Karounos",2006-10-06,2007-02-13,152,Warner Bros. Pictures,Certified Fresh,91,277,94,737217
Gangs of New York,R,"Classics, Drama",Martin Scorsese,"Jay Cocks, Steven Zaillian, Kenneth Lonergan","Leonardo DiCaprio, Daniel Day-Lewis, Cameron Diaz, Jim Broadbent, Liam Neeson, John C. Reilly, Henry Thomas, Brendan Gleeson, Roger Ashton-Griffiths, Gary Lewis, Stephen Graham, Eddie Marsan, Alec McCowen, David Hemmings, Lawrence Gilliard Jr., Cara Seymour, Peter-Hugo Daly, Cian McCormack, Dominique Vandenberg, Salvatore Billa, Gerry Robert Byrne, Brennan Caitlin, Liam Carney, Lucy Davenport, Ilaria D'Elia, John A. Gallagher, Robert Goodman, Gary McCormack, Raffaella Ponzo, Donald Stewart, Dominique Vanderberg",2002-12-20,2003-07-01,166,Miramax Films,Certified Fresh,73,211,81,294037
George Harrison: Living In The Material World,NR,"Documentary, Musical & Performing Arts, Special Interest",Martin Scorsese,,"George Harrison, Paul McCartney, Ringo Starr, Eric Clapton, Terry Gilliam, Eric Idle, George Martin, The Beatles, Yoko Ono, Tom Petty, Phil Spector",,2012-05-01,94,HBO Documentary,Fresh,86,37,93,1706
Hugo,PG,"Kids & Family, Mystery & Suspense",Martin Scorsese,John Logan,"Ben Kingsley, Sacha Baron Cohen, Asa Butterfield, Chloë Grace Moretz, Ray Winstone, Emily Mortimer, Christopher Lee, Helen McCrory, Michael Stuhlbarg, Jude Law, Frances de la Tour, Richard Griffiths, Kevin Eldon, Gulliver McGrath, Shaun Aylward, Emil Lager, Angus Barnett, Edmund Kingsley, Max Wrottesley, Marco Aponte, Ilona Cheshire, Catherine Balavage, Emily Surgent, Lily Carlson, Frederick Warder, Chrisos Lawson, Tomos James, Ed Sanders, Terence Frisch, Max Cane, Frank Bourke, Stephen Box, Ben Addis, Robert Gill",2011-11-23,2012-02-28,126,Paramount Studios,Certified Fresh,93,223,78,82683
The Last Temptation of Christ,R,Drama,Martin Scorsese,Paul Schrader,"Willem Dafoe, Barbara Hershey, Harvey Keitel, David Bowie, Harry Dean Stanton, Verna Bloom, Andre Gregory, Juliette Caton, Steve Shill, Roberts Blossom, Irvin Kershner, Gary Basaraba, Victor Argo, Michael Been, Paul Herman, John Lurie, Leo Burmester, Alan Rosenberg, Tomas Arana, Nehemiah Persoff, Barry Miller, Paul Greco, Mahamed Ait Fdil Ahmed, Steven Shill, Randy Danson, Robert Spafford, Doris Von Thury, Del Russell, Donald Hodson, Peter Berling, Donna Marie Dawson, Mary ""Bunny"" Sellers, Russell Case, Mary Seller, Mohamed Mabsout, Ahmed Nacir, Mokhtar Salouf, Peggy Gormley, Donna Magnani, Penny Brown, Gabi Ford, Dale Wyatt, Domenico Fiore, Ted Rusoff, Leo Damian, Robert Laconi, Jonathon Zhivago, Illeana Douglas, David B. Sharp",1988-08-12,2000-04-25,164,Universal Pictures,Certified Fresh,80,55,84,35845
Mean Streets,R,"Classics, Drama",Martin Scorsese,"Martin Scorsese, Mardik Martin","Jeanne Bell, Robert De Niro, Harvey Keitel, Amy Robinson, David Proval, Richard Romanus, Cesare Danova, George Memmoli, Julie Andelman, Lenny Scaletta, Jeannie Bell, Victor Argo, Murray Moston, David Carradine, Robert Carradine, Jeanie Bell, Lois Walden, Harry Northrup, Dino Seragusa, D'Mitch Davis, Peter Fain, Juli Andelman, Robert Wilder, Ken Sinclair, Catherine Scorsese, Martin Scorsese, Jaime Alba",1973-01-01,2004-08-17,112,Warner Bros.,Certified Fresh,97,60,84,54650
Raging Bull,R,Drama,Martin Scorsese,"Paul Schrader, Mardik Martin, Martin Scorsese","Robert De Niro, Cathy Moriarty, Joe Pesci, Frank Vincent, Nicholas Colasanto, Theresa Saldana, Frank Adonis, Mario Gallo, Lori Anne Flax, Johnny Barnes, Frank Topham, Joseph Bono, James V. Christy, Bill Mazer, Bill Hanrahan, Rita Bennett, Mike Miles, Cis Corman, Kevin Mahon, Ed Gregory, Louis Raftis, Johnny Turner, Martin Scorsese, Don Dunphy, Charles Scorsese, Bernie Allen, Vic Magnotta, Kenny Davis, Jimmy Lennon Sr., Marty Denkin, Shay Duffin, Jack Lotz, Kevin Breslin, Coley Wallace, Peter Fain, Count Billy Varga, Harvey Parry, Ted Husing, Michael Badalucco, Paul Forrest, Peter Petrella, Geraldine Smith, Mardik Martin, Peter Savage, Daniel P. Conte, John Arceri, Robert Uricola, Allan Malamud, Richard McMurray, Mary Albee, Candy Moore, Noah Young, Lou Tiano, Bob Aaron, John Turturro, Wally K. Berns",1980-12-19,2000-08-01,128,United Artists,Certified Fresh,96,68,93,131125
Rolling Thunder Revue: A Bob Dylan Story By Martin Scorsese,NR,Documentary,Martin Scorsese,,"Bob Dylan, Allen Ginsberg, Joan Baez",,2019-06-12,,Netflix,Certified Fresh,92,73,,
Shine a Light,PG-13,"Documentary, Musical & Performing Arts",Martin Scorsese,,"Mick Jagger, The Rolling Stones, Keith Richards (II), Charlie Watts, Ronnie Wood, Buddy Guy, Christina Aguilera, Jack White, Darryl Jones, Bill Clinton, Chuck Leavell, Martin Scorsese, Bobby Keys, Bernard Fowler, Lisa Fischer, Blondie Chaplin, Tim Ries, Kent Smith, Michael Davis",2008-02-07,2008-07-29,121,Paramount,Certified Fresh,86,125,74,37309
Silence,R,Drama,Martin Scorsese,"Jay Cocks, Martin Scorsese","Liam Neeson, Adam Driver, Andrew Garfield, Issei Ogata, Tadanobu Asano, Ciarán Hinds, Yôsuke Kubozuka, Yoshi Oida, Shin'ya Tsukamoto",2017-01-13,2017-03-28,161,Paramount Pictures,Certified Fresh,83,270,69,25149
Taxi Driver,R,"Drama, Mystery & Suspense",Martin Scorsese,Paul Schrader,"Robert De Niro, Jodie Foster, Cybill Shepherd, Peter Boyle, Leonard Harris, Harvey Keitel, Steven Prince, Albert Brooks, Martin Scorsese, Frank Adu, Victor Argo, Diahnne Abbott, Gino Ardito, Garth Avery, Harry Cohn, Copper Cunningham, Brenda Dickson, Beau Kayser, Harry Fischler, Nat Grant, Richard Higgs, Vic Magnotta, Bob Maroff, Norman Matlock, Bill Minkin, Murray Moston, Harry Northrup, Gene Palma, Carey Poe, Robin Utt, Peter Savage, Jason Holt, Robert Shields, Ralph S. Singleton, Joe Spinell, Maria Turner, Debbie Morgan, Jack Hayes",1976-02-08,1999-06-15,112,Columbia Pictures,Certified Fresh,98,84,93,259981
The Last Waltz,PG,"Documentary, Musical & Performing Arts",Martin Scorsese,,"Van Morrison, Bob Dylan, Neil Young, Joni Mitchell, The Staple Singers, Neil Diamond, Eric Clapton, Ronnie Hawkins, Ringo Starr, Muddy Waters, The Band, Robbie Robertson, Emmylou Harris, Van Morrison, Rick Danko, Ronnie Wood, Levon Helm, Garth Hudson, Paul Butterfield, Richard Manuel, Dr. John, Pops Staples, Jim Gordon, Tom Marlone, Howard Johnson, Jerry Hay, Richard Cooper, Charlie Keagle, Larry Packer, Michael McClure, Lawrence Ferlinghetti",1978-04-26,2002-05-07,117,MGM,Certified Fresh,98,48,94,13857
The Wolf of Wall Street,R,Drama,Martin Scorsese,Terence Winter,"Leonardo DiCaprio, Jonah Hill, Margot Robbie, Matthew McConaughey, Kyle Chandler, Joanna Lumley, Jean Dujardin, Jon Bernthal, Jon Favreau, Rob Reiner, Cristin Milioti, Christine Ebersole, Shea Whigham, Katarina Cas, P.J. Byrne, Kenneth Choi, Brian Sacca, Henry Zebrowski, Ethan Suplee, Barry Rothbart, Jake Hoffman, Mackenzie Meehan, Bo Dietl, Jon Spinogatti, Aya Cash, Rizwan Manji, Stephanie Kurtzuba, J.C. MacKenzie, Ashlie Atkinson, Thomas Middleditch, Stephen Kunken, Edward Herrmann, Jordan Belfort, Ted Griffin, Fran Lebowitz, Robert Clohessy, Natasha Newman-Thomas, Sandra Nelson, Johnnie Mae, Christina Jeffs, Sabina Maschi, Zana Markelson, Welker White, Danny Flaherty, Carla Corvo, Dustin Kerns, Ashley Blankenship, Deirdre Reimold, Madison McKinley Garton, Kerry Malloy, Frank Van Putten, Aaron Lazar, Steve Routman, Steve Witting, Charley Morgan, Michael Nathanson, Natalie Bensel, Tess Gillis, Jaclyn M. Keys, Krista Ashworth, Kathleen Fellegara, John Bernard Martin, Jamel Daniels, Dan Bittner, John Behlmann, Ward Horton, Bret Shuford, Paul Dion Monte, Ellen Sexton, Brian Tweedy, J.T. O'Connor, Steven Boyer, Danny A. Abeckaser, Tracy Friedman, Matthew Rauch, Michael Izquierdo, Donnie Keshawarz, Jonathan Tchaikovsky, Aaron Glaser, Ben Rameaka, Ben Loving, Brian Charles Johnson, Sebastian Tillinger, Chris Riggi, Dan Hunter, Meghan Rafferty, Jose Ramon Rosario, Davram Stiefler, Dan Daily, Ben Van Bergen, Matte Osian, Michael Devine, Jason Furlani, Scott Nicholson, Jeremy Bobb, Dean Auer, Tom Greer, Sharon Jones, Catherine Curtin, Victor Verhaeghe, Louis Vanaria, Lawrence Leighton Smith, Justin Anthony Long, Peter Youngblood Hills, Michael Bryan French, Paul Urcioli, Michael J. O'Hara, Ashley Springer, Zineb Oukach, Armen Garo, Emily Tremaine, Adria Baratta, Daniel Hepner, Marcos Gonzalez, Deema Aitken, Gregory Perri, Brendan Griffin, Starr Duncan, Saundra Williams, Loretta O. Booz, Shea Coleman, Giselle Eisenberg, Viki Boyle, Chris Caldovino, Chris Matsevac, Justin Yllanes, Remy Bennett, Jamie O'Connell, Garry Pastore, Hardy Winburn, Allyson Carr, Derek Milman, Jared Houseman, Lawrence Lau Kwok Cheong",2013-12-25,2014-03-25,179,Paramount Studios,Certified Fresh,79,276,82,180126
Who's That Knocking at My Door?,R,"Action & Adventure, Classics, Drama",Martin Scorsese,Martin Scorsese,"Harvey Keitel, Zina Bethune, Lennard Kuras, Michael Scala, Ann Colette, Wendy Russell, Philip Carlson, Phil Carlson, Paul de Blonde, Robert Uricola, Bill Minkin, Marissa Joffrey, Maelssa Jaffrey, Harry Northrup, Saskia Holleman, Tsuai Yu-Lan, Marieka Weathered, Catherine Scorsese, Vic Magnotta, Paul Di Bionde, Susan Wood, Martin Scorsese, Thomas Aiello",1967-11-15,2004-08-17,90,WARNER BROTHERS PICTURES,Fresh,68,19,61,5148
Django Unchained,R,"Drama, Western",Quentin Tarantino,Quentin Tarantino,"Jamie Foxx, Christoph Waltz, Leonardo DiCaprio, Samuel L. Jackson, Walton Goggins, Kerry Washington, Dennis Christopher, Laura Cayouette, M.C. Gainey, Don Johnson, Todd Allen, Misty Upham, James Remar, James Russo, Tom Wopat, Jonah Hill, David Steen, Dana Gourrier, Nichole Galicia, Bruce Dern, Franco Nero, Don Stroud, Russ Tamblyn, Amber Tamblyn, Cooper Huckabee, Doc Duhame, Lee Horsley, Ato Essandoh, Sammi Rotibi, Clay Donahue Fontenot, Escalante Lundy, Miriam F. Glover, Zoe Bell, Michael Bowen, Robert Carradine, Jake Garber, Ted Neeley, James Parks, Tom Savini, Michael Parks, John Jarratt, Quentin Tarantino, Elisa",2012-12-25,2013-04-16,165,The Weinstein Co.,Certified Fresh,86,281,91,428344
Inglourious Basterds,R,"Action & Adventure, Drama",Quentin Tarantino,Quentin Tarantino,"Brad Pitt, Mélanie Laurent, Christoph Waltz, Eli Roth, Michael Fassbender, Diane Kruger, Daniel Brühl, Til Schweiger, Gedeon Burkhard, Jacky Ido, B.J. Novak, Omar Doom, August Diehl, Denis Ménochet, Sylvester Groth, Martin Wuttke, Mike Myers, Julie Dreyfus, Richard Sammel, Alexander Fehling, Rod Taylor, Sönke Möhring, Samm Levine, Paul Rust, Michael Bacall, Arndt Schwering-Sohnrey, Petra Hartung, Volker Zack Michalowski, Ken Duken, Christian Berkel, Annie-Sophie Franck, Anne-Sophie Franck, Léa Seydoux, Tina Rodriguez, Lena Friedrich, Ludger Pistor, Jana Pallaske, Wolfgang Lindner, Michael Kranz, Rainer Bock, Andre Penvern, Sebastian Hülk, Buddy Joe Hooker, Carlos Fidel, Christian Brückner, Hilmar Eichhorn, Patrick Elias, Eva Löbau, Salvadore Brandt, Jasper Linnewedel, Wilifried Hochholdinger, Wilfried Hochholdinger, Olivier Girard, Michael Scheel, Leo Plank, Andreas Tietz, Bo Svenson, Enzo G. Castellari",2009-08-21,2009-12-15,153,The Weinstein Company,Certified Fresh,89,325,88,775048
Jackie Brown,R,"Action & Adventure, Drama, Mystery & Suspense",Quentin Tarantino,"Quentin Tarantino, Elmore Leonard","Pam Grier, Samuel L. Jackson, Robert Forster, Bridget Fonda, Michael Keaton, Robert De Niro, Michael Bowen, Chris Tucker, Tommy ""Tiny"" Lister, Hattie Winston, Aimee Graham, Sid Haig, Denise Crosby, Ellis Williams, Laura Lovelace, Tangie Ambrose, T'Keyah Crystal Keymáh, Venessia Valentino, Diana Uribe, Renee Kelly, Elizabeth McInerney, Colleen Mayne, Christine Lydon, Julia Ervin, Juliet Lon, Michelle Berube, Gillian Iliana Waters, Candice Briese, Gary Mann, Jeffrey Deedrick, Roy Nesvold, Herbert Hans Wilmsen, Ellis E. Williams, LisaGay Hamilton, Quentin Tarantino",1997-12-25,1998-08-05,154,Miramax Films,Certified Fresh,87,82,85,215077
Kill Bill: Volume 1,R,"Action & Adventure, Mystery & Suspense",Quentin Tarantino,Quentin Tarantino,"Uma Thurman, Lucy Liu, Vivica A. Fox, David Carradine, Daryl Hannah, Michael Madsen, Michael Parks, Sonny Chiba, Michael Jai White, Chiaki Kuriyama, Julie Dreyfus, Michael Bowen, Chia Hui Liu, Jun Kunimura, Yuki Kazamatsuri, James Parks, Samuel L. Jackson, Gordon Liu, Caitlin Keats, Christopher Allen Nelson, Kazuki Kitamura, LaTanya Richardson, Akaji Maro, Goro Daimon, Shana Stein, Shun Sugata, Bo Svenson, Quentin Tarantino, Larry Bishop, Kenji Ohba, Sakichi Satô, 5.6.7.8's, Jonathan Loughran, Toshituri Morishita, Ambrosia Kelley, Tetsuro Shimaguchi, Toji Bora Tanaka, Issei Takahashi, So Tamanaka, Juri Manase",2003-10-10,2004-04-13,111,Miramax Films,Certified Fresh,85,234,81,32558003
Kill Bill: Volume 2,R,"Action & Adventure, Comedy, Drama",Quentin Tarantino,Quentin Tarantino,"Uma Thurman, David Carradine, Michael Madsen, Daryl Hannah, Gordon Liu, Chia Hui Liu, Michael Parks, Perla Haney-Jardine, Helen Kim, Christopher Allen Nelson, Laura Cayouette, Claire Smithies, Bo Svenson, Clark Middleton, Caitlin Keats, Larry Bishop, Sid Haig, Reda Beebe, Samuel L. Jackson, Jeannie Epper, LaTanya Richardson, Shana Stein",2004-04-16,2004-08-10,137,Miramax Films,Certified Fresh,84,240,89,840957
Pulp Fiction,R,Drama,Quentin Tarantino,"Quentin Tarantino, Roger Avary","John Travolta, Samuel L. Jackson, Uma Thurman, Bruce Willis, Harvey Keitel, Christopher Walken, Maria de Medeiros, Amanda Plummer, Steve Buscemi, Rosanna Arquette, Ving Rhames, Tim Roth, Eric Stoltz, Quentin Tarantino, Julia Sweeney, Frank Whaley, Alexis Arquette, Paul Calderon, Bronagh Gallagher, Laura Lovelace, Angela Jones, Duane Whitaker, Peter Greene, Phil LaMarr, Burr Steers, Brenda Hillhouse, Sy Sher, Carl Allen, Don Blakely, Venessia Valentino, Karen Maruyama, Kathy Griffin, Stephen Hibbert, Dick Miller, Chandler Lindauer, Susan Griffiths, Lorelei Leslie, Brad Parker, Joseph Pilato, Eric Clark, Jerome Patrick Hoban, Gary Shorelle, Michael Gilden, Linda Kaye, Lawrence Bender, Emil Sitka, Robert Ruth, Rich Turner",1994-09-23,1998-05-19,154,Miramax Films,Certified Fresh,92,101,96,1126774
Reservoir Dogs,R,"Action & Adventure, Drama, Mystery & Suspense",Quentin Tarantino,Quentin Tarantino,"Harvey Keitel, Chris Penn, Tim Roth, Michael Madsen, Steve Buscemi, Lawrence Tierney, Randy Brooks, Kirk Baltz, Edward Bunker, Quentin Tarantino, Michael Sottile, Rich Turner, Linda Kaye, David Steen, Tony Cosmo, Stevo Poliy, Stevo Polyi, Robert Ruth, Suzanne Celeste, Lawrence Bender, Steven Wright, Laurie Latham, Maria Strova, Burr Steers, Craig Hamann",1992-01-21,2002-11-05,98,Miramax Films,Certified Fresh,91,69,94,445913
The Hateful Eight,R,Western,Quentin Tarantino,Quentin Tarantino,"Samuel L. Jackson, Kurt Russell, Jennifer Jason Leigh, Walton Goggins, Demian Bichir, Tim Roth, Michael Madsen, Bruce Dern, Channing Tatum, James Parks, Dana Gourrier, Lee Horsley, Belinda Owino, Gene Jones, Bruce Del Castillo, Craig Stark, Keith Jefferson, Zoe Bell",2015-12-30,2016-03-29,167,The Weinstein Company,Certified Fresh,74,321,76,72827
Planet of the Apes,PG-13,"Action & Adventure, Drama, Science Fiction & Fantasy",Tim Burton,"William Broyles, Mark Rosenthal, Lawrence Konner","Mark Wahlberg, Tim Roth, Helena Bonham Carter, Michael Clarke Duncan, Paul Giamatti, Cary-Hiroyuki Tagawa, David Warner, Kris Kristofferson, Estella Warren, Erick Avari, Luke Eberl, Evan Dexter Parke, Glenn Shadix, Charlton Heston, Freda Foh Shen, Chris Ellis, Anne Ramsay, Andrea Grano, Michael Jace, Michael Wiseman, Lisa Marie, Eileen Weisinger, Deep Roy, Chad Bannon, Kevin Grevioux, Isaac C. Singleton Jr., Quincy Taylor, John Alexander, Jay Caputo, Philip Tan, Callie Croughwell, Allie Habberstad, Brett Smrz, Howard Berger, Rick Baker, Cameron Croughwell, Joshua Croughwell, Hannah Peitzman, Molly Peitzman, Jesse Tipton, Shane Habberstad, Chet Zar, Linda Harrison, Eddie Adams, Todd Babcock, Lorenzo Callender, Shonda Farr, Kam Heskin, Jim Holmes, Todd Kimsey, Candace Kroslak, Joanna Krupa, Elizabeth Lackey, Mark Christopher Lawrence, Melody Perkins, Tate Taylor, Jonna Thompson",2001-07-27,2001-11-20,119,20th Century Fox,Rotten,45,157,27,366779
Big Fish,PG-13,"Comedy, Drama",Tim Burton,John August,"Ewan McGregor, Albert Finney, Billy Crudup, Jessica Lange, Alison Lohman, Helena Bonham Carter, Robert Guillaume, Marion Cotillard, Matthew McGrory, David Denman, David Denham, Missi Pyle, Loudon Wainwright III, Loudon Wainright, Ada Tai, Arlene Tai, Steve Buscemi, Danny DeVito, Deep Roy, Brandon Carroll, Perry Walston, Hailey Anne Nelson, Grayson Stone, R. Keith Harris, Karla Droege, Zachary Gardner, John Lowell, Darrell Vanterpool, Miley Cyrus, Joseph Humphrey, Morgan Grace Jarrett, Sallie Hedrick, Charles McLawhorn, Frank Hoyt Taylor, Savanna James, Billy Redden, James DeForest Parker, Russell Hodgkinson, Don Young, Jayne Morgan, David Ramsey, Greg Hohn, Zach Hanner, George McArthur, Jeff Campbell, Lawrence Sykkmon, Bonnie Johnson, Howard Houston Jr., Joanne Pankow, Trevor Gagnon, Jacob Radford, Karlos Walkes, Cathy Berry, John Fugate, Daniel Wallace, Metz Duites, Vincent Ybiernas, Barry C. Harvard, Edward Aldag, Michael Garnet Stewart, Alan Rawlins, Jake Brake, Bevin Kaye, Tom Tom, Fred Scialla, Nick Ingman",2003-12-10,2004-04-27,125,Sony Pictures,Certified Fresh,75,218,89,498181
Alice in Wonderland,PG,"Action & Adventure, Kids & Family, Science Fiction & Fantasy",Tim Burton,Linda Woolverton,"Johnny Depp, Mia Wasikowska, Helena Bonham Carter, Anne Hathaway, Matt Lucas, Jemma Powell, Tim Pigott-Smith, Crispin Glover, Michael Sheen, Stephen Fry, Alan Rickman, Barbara Windsor, Paul Whitehouse, Timothy Spall, Marton Csokas, John Surman, Peter Mattinson, Lindsay Duncan, Geraldine James, Leo Bill, Frances de la Tour, John Hopkins (V), Eleanor Gecks, Eleanor Tomlinson, Rebecca Crookshank, Michael Gough, Imelda Staunton, Christopher Lee, Mairie Ella Challen, Holly Hawkins, Lucy Davenport, Joel Swetow, Jessica Oyelowo, Ethan Cohn, Richard Alonzo, Harry Taylor, Jim Carter, Frank Welker, Chris Grabher, Caroline Royce, Bonnie Parker, Simone Sault, Leigh Daniels, Carl Walker, Matt Dempsey, Chris Grierson, Dale Mercer, David Lale, John Bass, Nicholas Levy, Patrick Roberts, Phillip Granell, Stephen Giles, Hilary Morris, Jacqueline Tribble",2010-03-05,2010-06-01,108,Walt Disney Pictures,Rotten,51,273,55,480070
Beetlejuice,PG,"Comedy, Horror, Science Fiction & Fantasy",Tim Burton,"Warren Skaaren, Michael McDowell, Larry Wilson, Michael Bender","Michael Keaton, Alec Baldwin, Geena Davis, Jeffrey Jones, Catherine O'Hara, Winona Ryder, Glenn Shadix, Jack Angel, Sylvia Sidney, Patrice Martinez, Robert Goulet, Dick Cavett, Annie McEnroe, Simmy Bow, Maurice Page, Susan Kellerman, Rachel Mittelman, Hugo L. Stanger, Cynthia Daly, Douglas Turner, Carmen Filpi, Susan Kellermann, Adelle Lutz, Patrice Camhi, Marie Cheatham, Tony Cox, Harold Goodman, Maree Cheatham, J. Jay Saunders, Mark Ettlinger, Gary Jochimsen, Bob Pettersen, Adele Lutz, Duane Davis, J.J. Saunders",1988-03-30,1997-06-26,93,Warner Bros. Pictures,Certified Fresh,84,56,82,916690
Big Eyes,PG-13,Drama,Tim Burton,"Larry Karaszewski, Scott Alexander","Amy Adams, Christoph Waltz, Danny Huston, Krysten Ritter, Jason Schwartzman, Terence Stamp, Jon Polito, Elisabetta Fantone, James Saito, Guido Furlani, Delaney Raye, Madeleine Arthur, Emily Bruhn, Alan MacFarlane, Tony Alcantar, Jaden Alexander, Andrew Airlie, Stephanie Bennett, Andrea Bucko, Heather Doerksen, Kurt Cotton, Aaron Craven, Emily Fonda, Barclay Hope, Peter Kelamis, David Milchard, Jill Morrison, Leela Savasta, Steven Wiig, Fiona Vroom, Traci Toguchi, Desiree Zurowski",2014-12-25,2015-04-14,106,The Weinstein Company,Fresh,72,185,68,32532
Charlie and the Chocolate Factory,PG,"Comedy, Kids & Family, Science Fiction & Fantasy",Tim Burton,John August,"Johnny Depp, Freddie Highmore, David Kelly, Helena Bonham Carter, Noah Taylor, Missi Pyle, James Fox, Deep Roy, Christopher Lee, Adam Godley, Franziska Troegner, AnnaSophia Robb, Julia Winter, Jordan Fry, Philip Wiegratz, Blair Dunlop, Liz Smith, Eileen Essell, David Morris, Nitin Ganatra, Shelley Conn, Chris Cresswell, Philip Philmar, Tony Kirwood, Phil Philmar, Todd Boyce, Nayef Rashed, Menis Yousry, Harry Taylor, Hubertus Geller, Francesca Hunt, Garrick Hagon, Kevin Eldon, Mark Heap, Roger Frost, James Oscar Lee, Colette Appleby, Annette Badland, Stephen Hope-Wayne, Geoffrey Holder, Stephen Hope-Wynne, Rick Wentworth",2005-07-15,2005-11-07,130,Warner Bros. Pictures,Certified Fresh,83,229,51,32495606
Dark Shadows,PG-13,"Drama, Horror, Mystery & Suspense",Tim Burton,Seth Grahame-Smith,"Johnny Depp, Helena Bonham Carter, Chloë Grace Moretz, Eva Green, Gulliver McGrath, Bella Heathcote, Ray Shirley, Thomas McDonell, Jackie Earle Haley, Jonny Lee Miller, Gully McGrath, Michelle Pfeiffer, Christopher Lee, Alice Cooper, Ivan Kaye, Justin Tracy, Susanna Cappellaro, Josephine Butler, William Hope, Shane Rimmer, Michael J. Shannon, Harry Taylor, Glen Mexted, Guy Flanagan, Nigel Whitmey, Philip Bulcock, Sophie Kennedy Clark, Hannah Murray, Victoria Bewick, Sean Mahon, Alexia Osborne, Richard Hollis, Felicity Brangan, Michael Anthony Brown, Charlotte Spencer, Gabriel Freilich, Thomas Grube, Jeff Mash, Raffey Cassidy, Jonathan Frid, Kathryn Leigh Scott, Lara Parker, David Selby, Janine Craig, Adelle Young, Dominica Van Santen, Josephine McGrail",2012-05-11,2012-10-02,113,Warner Bros. Pictures,Rotten,36,252,46,257264
Dumbo,PG,"Animation, Kids & Family, Science Fiction & Fantasy",Tim Burton,Ehren Kruger,"Colin Farrell, Danny DeVito, Eva Green, Michael Keaton, Deobia Oparei, Alan Arkin, Nicole N. Parker, Finley Hobbins, Roshan Seth, Lars Eidinger, Joseph Gatt, Douglas Reith, Phil Zimmerman, Sharon Rooney, Frank Bourke, Michael Buffer, Sandy Martin, Erick Hayden, Greg Canestrari, Christopher Rogers, Simon Connolly, Nick Bartlett, Harry Taylor, Vincent Andriano, Ben Crowe, Clive Brunt, Angela Ashton, Philip Rosch, Joseph Macnab, Rob Heanley, Amerjit Deu, Lucy DeVito, Matthew Castle, Brett Jones, Zee Asha, Carol Been, Rosie Akerman, Govinda",2019-03-29,2019-06-25,112,Walt Disney Pictures,Rotten,47,347,50,3983
Ed Wood,R,"Comedy, Drama",Tim Burton,"Scott Alexander, Larry Karaszewski","Johnny Depp, Martin Landau, Sarah Jessica Parker, Patricia Arquette, Jeffrey Jones, G.D. Spradlin, Vincent D'Onofrio, Lisa Marie, Bill Murray, Mike Starr, Max Casella, Brent Hinkley, Juliet Landau, George 'The Animal' Steele, Jim Myers, Clive Rosengren, Norman Alden, Victoria Thomas, Leonard Termo, Ned Bellamy, Danny Dayton, Ross Manarchy, Bill Cusack, Aaron Nelms, Biff Yeager, Jonathan Ross, Louis Lombardi, Mickey Cottrell, Joseph R. Gannascoli, Carmen Filpi, Melora Walters, Conrad Brooks, Don Amendolia, Tommy Bertelsen, Reid Cruickshanks, Stanley DeSantis, Lionel Decker, Edmund L. Shaff, Gene Lebell, Jesse Hernandez, Bobby Slayton, Gretchen Becker, John Rice, Catherine Butterfield, Mary Portser, King Cotton, Vasek Simek, Don Hood, Frank Echols, Matthew Barry, Ralph Monaco, Anthony Russell, Tommy Bush, Gregory Walcott, Charles C. Stevenson Jr., Rance Howard, Vasek C. Simek, Maurice LaMarche, Alan Martin, Salwa Mohamed Ali, Rodney Kizziah, Korla Pandit, Hannah Eckstein, Luc DeSchepper, Vinny Argiro, Patti Tippo, Ray Baker, James Reid Boyce, Ben Ryan Ganger, Ryan Holihan, Marc Revivo, Charlie Holliday, Adam Drescher, Ric Mancini, Daniel Riordan, Lisa Malkiewicz",1994-09-28,2002-08-13,124,Buena Vista Pictures,Certified Fresh,92,63,88,107157
Edward Scissorhands,PG-13,"Drama, Science Fiction & Fantasy, Romance",Tim Burton,"Caroline Thompson, Tim Burton","Johnny Depp, Winona Ryder, Dianne Wiest, Anthony Michael Hall, Kathy Baker, Robert Oliveri, Vincent Price, Alan Arkin, Conchata Ferrell, Caroline Aaron, Bee Albano, O-Lan Jones, Susan J. Blommaert, Linda Perri, John Davidson, Biff Yeager, Marti Greenberg, Bryan Larkin, John McMahon, Stuart Lancaster, Gina Gallagher, Aaron Lustig, Alan Fudge, Steven Brill, Peter Palmer, Diane L. Green, Andrew Crofton, Linda Hess Hess, Rosalyn Thomson, Lee Ralls, Eileen Meurer, Bea Albano, Donna Pieroni, Tricia Lloyd, Kathy Dombo, Sherry Ferguson, Tabetha Thomas, Victoria Price, Marc Macaulay, Carmen J. Alexander, Brett Rice, Ken DeVaul, Michael Gaughan, Tammy Boalo, Brian Larkin, Jackie Carson, Carol Crumrine, Suzanne Chrosniak, Ellin Dennis, Miriam Goodspeed, Kathy Fleming, Dianne L. Green, Jalaine Gallion, Mary Jane Heath, Carol D. Klasek, Andrew B. Clark, Laura Nader, Doyle Anderson, Harvey Bellman, Michael Brown, Gary Clark, Roland Douville, Ken de Vaul, Russell Green, Cecil Hawkins, Jack W. Kapfhamer, Bill Klein, Phil Olson, Susan Blommaert, Joe Sheldon, James Spicer",1990-12-07,2001-12-18,100,20th Century Fox,Certified Fresh,90,58,91,1032683
Frankenweenie,PG,"Animation, Comedy, Horror, Science Fiction & Fantasy",Tim Burton,John August,"Martin Landau, Catherine O'Hara, Martin Short, Atticus Shaffer, Robert Capron, James Hiroyuki Liao, Tom Kenny, Charlie Tahan, Winona Ryder, Conchata Ferrell",2012-10-05,2013-01-08,90,Walt Disney Pictures,Certified Fresh,87,219,70,67621
Mars Attacks!,PG-13,"Action & Adventure, Comedy, Science Fiction & Fantasy",Tim Burton,Jonathan Gems,"Jack Nicholson, Glenn Close, Annette Bening, Pierce Brosnan, Martin Short, Sarah Jessica Parker, Michael J. Fox, Rod Steiger, Lukas Haas, Natalie Portman, Jim Brown, Tom Jones, Lisa Marie, Sylvia Sidney, Paul Winfield, Pam Grier, Danny DeVito, Jack Black, Janice Rivera, Ray J, Brandon Hammond, Joe Don Baker, O-Lan Jones, Christina Applegate, Janice Riveria, Brian Haley, Jerzy Skolimowski, Timi Prulhiere, Barbet Schroeder, Chi Hoang Cai, Tommy Bush, Joseph Maher, Gloria M. Malgarini, Betty Bunch, Gloria Hoffmann, Willie Garson, John Roselius, Michael Reilly Burke, Valerie Wildman, Richard Irving, Jonathan Emerson, Tamara 'Gingir' Curry, Rebecca Broussard, Vinny Argiro, Steve Valentine, Coco Leigh, Jeffrey King, Enrique J. Castillo, Don Lamoth, C. Wayne Owens, Joseph Patrick Moynihan, Roger Peterson, John Finnegan, Ed Lambert, John Gray, Gregg L. Daniel, J. Kenneth Campbell, Jeanne Mori, Rance Howard, Richard Assad, Velletta Carlson, Kevin Mangan, Rebeca Silva, Josh Weinstein, Juian Barnes, Ken Thomas, Darelle Porter Holden, Christi Black, Sharon Hendrix, Poppy",1996-12-13,1997-06-24,108,Warner Home Video,Rotten,53,81,53,436369
Miss Peregrine's Home for Peculiar Children,PG-13,"Kids & Family, Science Fiction & Fantasy",Tim Burton,Jane Goldman,"Eva Green, Asa Butterfield, Chris O'Dowd, Allison Janney, Rupert Everett, Terence Stamp, Ella Purnell, Judi Dench, Samuel L. Jackson, Finlay MacMillan, Lauren McCrostie, Georgia Pemberton, Hayden Keeler-Stone, Louis Davison, Milo Parker, Raffiella Chapman, Pixie Davies, Cameron King, Kim Dickens, Joseph Odwell, Thomas Odwell, O-Lan Jones, Aiden Flowers, Nicholas Oteri, Helen Day, Philip Philmar, Jack Brady, Scott Handy, Jennifer Jarackas, George Vricos, Brooke Jaye Taylor, Cameron Greco, Ella Linnea Wahlestedt, Jack Fibkins, Nicholas Amer, Ioan Hefin, Shaun Thomas, Justin Davies, Nick McGaughey, Lynne Hunter, Ben Roberts, Dafydd Hywel, Sophia Tailor, Harry Taylor, Dan Mersh, James Kermack, Steve Money, Christine Dalby, Badria Timimi",2016-09-30,2016-12-13,127,20th Century Fox,Fresh,64,244,60,38751
Pee-wee's Big Adventure,PG,"Comedy, Kids & Family",Tim Burton,"Phil Hartman, Paul Reubens, Michael Varhol","Paul Reubens, Elizabeth Daily, Mark Holton, Diane Salinger, Judd Omen, Jan Hooks, Jon Harris, Carmen Filpi, Monte Landis, Irving Hellman, Damon Martin, Daryl Roach, Starletta DuPois, Wallis Nicita, David C. Glasser, Gregory Hippolyte, Mark Everett, Bill Cable, Peter Looney, Prof. Toru Tanaka, Ed Herlihy, Ralph Seymour, Lou Cutell, Raymond Martino, Erica Yohn, Bill Richmond, Alice Nunn, Ed Griffith, Simmy Bow, John Moody, John O'Neill, Alex Sharp, Chester Grimes, Luis Contreras, Lonnie Parkinson, Howard Hirdler, Cassandra Peterson, Jason Hervey, Bob McClurg, John Paragon, Susan Barnes, Zachary Hoffman, Lynne Marie Stewart, George Sasaki, Richard Brose, Drew Seward, Brett Fellman, Bob Drew, John Gilgreen, Noreen Hennessy, Phil Hartman, Michael Varhol, Noreen Hennesey, David Rothenberg, Patrick Cranshaw, Sunshine Parker, Gilles Savard, James Brolin, Morgan Fairchild, Tony Bill, Milton Berle, Monty Landis",1985-07-26,2000-05-02,92,Warner Home Video,Certified Fresh,87,45,79,113255
Sleepy Hollow,R,"Horror, Mystery & Suspense, Romance",Tim Burton,Andrew Kevin Walker,"Johnny Depp, Christina Ricci, Miranda Richardson, Casper Van Dien, Michael Gambon, Christopher Walken, Marc Pickering, Michael Gough, Christopher Lee, Jeffrey Jones, Lisa Marie, Richard Griffiths, Ian McDiarmid, Steven Waddington, Claire Skinner, Martin Landau, Alun Armstrong, Ray Park, Mark Spalding, Jessica Oyelowo, Peter Guinness, Orlando Seale",1999-11-19,2000-05-23,105,Paramount Pictures,Fresh,68,127,80,606912
Sweeney Todd: The Demon Barber of Fleet Street,R,"Drama, Musical & Performing Arts, Mystery & Suspense",Tim Burton,John Logan,"Johnny Depp, Helena Bonham Carter, Alan Rickman, Timothy Spall, Sacha Baron Cohen, Jamie Campbell Bower, Laura Michelle Kelly, Edward Sanders, Ed Sanders, Jayne Wisener, Ava May, Gabriella Freeman, Gracie May, Jody Halse",2007-12-21,2008-04-01,116,DreamWorks/Paramount Studios,Certified Fresh,85,226,81,1695874
Fantastic Mr. Fox,PG,"Action & Adventure, Animation, Comedy, Kids & Family",Wes Anderson,"Wes Anderson, Noah Baumbach","George Clooney, Meryl Streep, Jason Schwartzman, Bill Murray, Wallace Wolodarsky, Eric Chase Anderson, Michael Gambon, Willem Dafoe, Owen Wilson, Jarvis Cocker, Wes Anderson, Karen Duffy, Robin Hurlstone, Hugo Guinness, Helen McCrory, Roman Coppola, Juman Malouf, Garth Jennings, Brian Cox, Tristan Oliver, Charlie Hamilton James, Steven M. Rales, Jeremy Dawson, Robert Hersov, Jennifer Furches, Mario Batali, Allison Abbate, Molly Cooper, Adrien Brody, Martin Ballard, Alexandre Desplat",2009-11-25,2010-03-23,87,20th Century Fox,Certified Fresh,92,237,85,152381
Bottle Rocket,R,"Comedy, Drama",Wes Anderson,"Owen Wilson, Wes Anderson","Owen Wilson, Luke Wilson, Robert Musgrave, Ned Dowd, Lumi Cavazos, James Caan, Shea Fowler, Jim Ponds, Haley Miller, Brian Tenenbaum, Andrew Wilson, Kumar Pallana, Jenni Tooley",1996-02-23,1998-12-22,95,Columbia Pictures,Certified Fresh,85,66,80,61507
The Darjeeling Limited,R,"Action & Adventure, Comedy",Wes Anderson,"Jason Schwartzman, Wes Anderson, Roman Coppola","Owen Wilson, Adrien Brody, Jason Schwartzman, Amara Karan, Wallace Wolodarsky, Waris Ahluwalia, Irrfan Khan, Barbet Schroeder, Camilla Rutherford, Bill Murray, Anjelica Huston, Archana Puran Singh, Natalie Portman, Kumar Pallana, Dalpat Singh, Trudy Mathis, Margot Gödrös, Hitesh Sindi, Kishen Lal, Bhawani Sankar, Mukhtiar Bhai, Suraj Kumar, Kapil Dubey, Mulchand Dedhia, Dinesh Bishnoi, Mukesh Bishnoi, Ramesh Bishnoi, Sriharsh Sharma, Chanduram Bishnoi, Sajjanji Bishnoi, Pukaram Bishnoi, Shushila Devi, Ratan Lal Ji, Arun Bishnoi, Jhalaram Bishnoi, Mularam Bishnoi, Anand Pathe, Bhawar Lal, Kaana Ram, Rupa Ram, Shava Ram, Ruka Ram, Bhura Ram, Buramji Ram, Tuka Ram, Bhanwar Singh, Bhanwar Paliwal, Moti Ram, Kishna Ram, Khewal Ram Paliwal, Ravi Acharya, Jai Prakash Sharma, Badhri Dave, Vincetta Easley, John Joseph Gallagher, Captain G.B. Singh, Bhavna Narang, Sunil Chhabra, Narender Singh Hada, Thupten Gyatso, Gurdeep Singh, Charu Shankar, Andrew Massey",2007-10-26,2008-02-26,91,Fox Searchlight Pictures,Fresh,69,189,78,136348
Isle of Dogs,PG-13,"Action & Adventure, Animation, Comedy",Wes Anderson,Wes Anderson,"Bryan Cranston, Edward Norton, Bill Murray, Jeff Goldblum, Scarlett Johansson, Tilda Swinton, Greta Gerwig, Bob Balaban, Harvey Keitel, Fisher Stevens, Liev Schreiber, F. Murray Abraham, Frank Wood, Yoko Ono, Courtney B. Vance",2018-04-13,2018-07-17,101,Scott Rudin Productions,Certified Fresh,90,339,87,8657
The Life Aquatic with Steve Zissou,R,"Action & Adventure, Comedy, Drama",Wes Anderson,"Wes Anderson, Noah Baumbach","Bill Murray, Owen Wilson, Cate Blanchett, Anjelica Huston, Willem Dafoe, Jeff Goldblum, Michael Gambon, Noah Taylor, Bud Cort, Seu Jorge, Robyn Cohen, Waris Ahluvalia, Wallace Wolodarsky, Niels Koizumi, Peter Stormare, Pawel Wdowczak, Seymour Cassel, Matthew Gray Gubler",2004-12-10,2005-04-26,118,Buena Vista,Rotten,56,222,82,210100
Moonrise Kingdom,PG-13,Comedy,Wes Anderson,"Wes Anderson, Roman Coppola","Jared Gilman, Kara Hayward, Bruce Willis, Edward Norton, Bill Murray, Frances McDormand, Tilda Swinton, Jason Schwartzman, Bob Balaban, Lucas Hedges, Charlie Kilgore, Andreas Sheikh, Chandler Frantz, Rob Campbell, LJ Foley, Gabriel Rush, Seamus Davey-Fitzpatrick, Tommy Nelson, Larry Pine, Marianna Bassham, Neal Huff, Eric Chase Anderson, Jake Ryan, Tanner Flood, Wyatt Ralff, Max Derderian, Hugo DeAscentis, Liz Callahan, James Demler, Christine Noel, Jean-Michael Pion, John Peet, Carolyn Pickman, Ada-Nicole Sanger, Isabella Guinness, Violet Guinness, Caris Yeoman, Lily Tiger McEnerney, Kevin DeCoste, Harvey Keitel, Tyler Metivier, Cooper Murray, Coledyn Garrow, Ben Haffner, Michael Malvesti, Rich Conant, Johnathon Deneault, Jack TeJean Hartman, Preston Hatch, Alex Milne, Jordan Puzzo, Steve Smith, Dakota Pimentel, Roman Keitel, Derek Sardella, Conrad Pope, Owen Wilson",2012-05-25,2012-10-16,94,Focus Features,Certified Fresh,93,246,86,139436
Rushmore,R,Comedy,Wes Anderson,"Wes Anderson, Owen Wilson","Jason Schwartzman, Bill Murray, Olivia Williams, Brian Cox, Seymour Cassel, Mason Gamble, Sara Tanaka, Stephen McCole, Luke Wilson, Deepak Pallana, Andrew Wilson, Marietta Marich, Ronnie McCawley, Keith McCawley, Hae Joon Lee, Adebayo Asabi, Connie Nielsen, Al Fielder, Colin Platt, George Farish, Francis Fernandez, McCauley Penderdast, Eric Weems, Dalton Tomlin, Wallace Wolodarsky, Kim Terry, Ella Pryor, Paul Schiff, Antoni Scarana, Brian Tenenbaum, Thayer McClanahan, Patricia Winkler, Manning Mott, J.J. Stonebraker, Donny Caicedo, Ali Ktiri, Michael Maggart, Robbie Lee, Morgan Redmond, Ed Geldart, David Moritz, J.J. Killalea, William Lau, Lucille Sadikin, Steve Eckelman, Eric Chase Anderson, Danny Fine, Kyle Ryan Urquhart, Kumar Pallana, Stephen Dignan",1998-09-17,1999-06-29,93,Touchstone Pictures,Certified Fresh,89,103,91,186046
The Grand Budapest Hotel,R,"Comedy, Drama",Wes Anderson,"Hugo Guinness, Wes Anderson","Ralph Fiennes, Tony Revolori, F. Murray Abraham, Edward Norton, Saoirse Ronan, Tilda Swinton, Bill Murray, Jeff Goldblum, Jason Schwartzman, Willem Dafoe, Adrien Brody, Harvey Keitel, Mathieu Amalric, Jude Law, Owen Wilson, Léa Seydoux, Tom Wilkinson, Larry Pine, Giselda Volodi, Florian Lukas, Karl Markovics, Volker Zack Michalowski, Neal Huff, Bob Balaban, Fisher Stevens, Wallace Wolodarsky, Waris Ahluwalia, Jella Niemann, Marcel Mazur, Robert Bienas, Manfred Lindner, Oliver Claridge, Bernhard Kremser, Kunichi Nomura, Sister Anna Rademacher, Anna Rademacher, Heinz-Werner Jeschkowski, Steffan Scheumann, Sabine Euler, Renate Klein, Uwe Holoubek, Francesco Zippel, Heike Hanold-Lynch, Lennart Meyer, Hans Alfredson, Manpreet Gerlach, David Adamik, David Cioffi, Lucas Hedges, Wolfgang Czeczor, Philipp Sonntag, Hans Martin Stier, Georg Tryphon, Gabriel Rush, Hannes Wegener, Gerry Sullivan, Oliver Hazell, Ben Howard, Bohumil Váchal, Marko Dyrlich, Ed Munro, Enrico Hoffmann, Daniel Steiner, Marie Goyette, Hendrik von Bültzingslöwen, Paul Schlase, Jeno Orosz, Gyula Lukács, Darin Damjanow, Dar Ronge, Georg Rittmannsperger, Dirk Bossmann, Arwin Lobedann, Robin Hurlstone, Jutta Westphal, Matthias Holfert, Lisa Kreuzer, Gisela Bech, Birgit Müller, Ursula Kuhnt, Monika Krüger, Francesco Holoubek, Wolfram Nielacny, Reinhold Hegelow, Steffen Nixdorf, Rainer Reiners, Milton Welsh, Piet Paes, Michaela Caspar, Sabine Urig, Roy Macready, John Peet, Carl Sprague, Golo Euler, Jürgen Schwämmle, Frank Jacob, Claudia Junge, Roman Berger, Michael Benthin, Matthais Matschke",2014-03-07,2014-06-17,99,Fox Searchlight,Certified Fresh,91,296,86,97007
The Royal Tenenbaums,R,Comedy,Wes Anderson,"Wes Anderson, Owen Wilson","Gene Hackman, Anjelica Huston, Gwyneth Paltrow, Ben Stiller, Luke Wilson, Owen Wilson, Danny Glover, Bill Murray, Seymour Cassel, Kumar Pallana, Grant Rosenmeyer, Jonah Meyerson, Aram Aslanian-Persico, Stephen Lee Sheppard, Irene Gorovaia, Alec Baldwin, Amedeo Turturro, Stephen Lea Sheppard, James Fitzgerald, Larry Pine, Don McKinnon, Frank Wood, Al Thompson, Jennifer Wachtell, Donal Ward, Andrew Wilson, Dipak Pallana, Sanjay Matthew, Mary Wigmore, Sonam Wangmo, Pawel Wdowczak, Peter Leung, William Sturgis, Liam Craig, Sheelagh Tellerday, Max Faugno, Guido Venitucci, Ebon Moss-Bachrach, Brian Smiar, Jan V.E. Austell, Rony Clanton, Salim Malik, Tom Lacy, Keith Charles, Greg Goosen, Sadiah Arrika Ekulona, Vic Mata, Michael J. Conti, Tatiana Abbey, Kalani Queypo, Mel Cannon, Leo Manuelian, Amir Raissi, Roger Shamas, Philip Denning, Gary Evans, Rex Robbins, Nova Landaeus-Skinnar, Sam Hoffman, Brian Tenenbaum, Stephan Dignan, Eric Chase Anderson",2002-01-04,2002-07-09,108,Buena Vista Distribution Compa,Certified Fresh,80,206,89,255852